https://www.youtube.com/watch?v=FOQ4CxiN2Z4,Men's Boulder & Lead final || Laval 2023
https://www.youtube.com/watch?v=pCGDQPZYmQM,Is Consciousness a Miracle? | Harvard‚Äôs Cognitive Scientist Prof. Steven Pinker & Sadhguru
https://www.youtube.com/watch?v=TJgxjVTZtfw,Tutorial: Getting Started with eBPF - Liz Rice, Isovalent
https://www.youtube.com/watch?v=-anJPr9bYXs,Cracking the Unclimbable: Yannick and Alex attempt Frankenjura¬¥s last hard project
https://www.youtube.com/watch?v=_sA0PIyynd8,Satisfying Zilo Kinetic Lego Sculpture
https://www.youtube.com/watch?v=uaksVVHDhYU,Inside Envoy: The Proxy for the Future [OFFICIAL FILM]
https://www.youtube.com/watch?v=XH6IT_tsSUI&list=RDXH6IT_tsSUI&start_radio=1,Mix¬†‚Äì Christopher Tin: Live at Cadogan Hall - Waloyo Yamoni
https://www.youtube.com/watch?v=Hs4ZqJwR14o,Yoga Demonstration, BKS Iyengar (1976)
https://www.youtube.com/watch?v=VatYrw0uqjU,American Big Tech Has Enslaved Us | Aaron Bastani Meets Yanis Varoufakis
https://www.youtube.com/watch?v=NVAFTMSVFdM,Pro climber pretends to be beginner at climbing gym
https://www.youtube.com/watch?v=sbgpF7gb9ds&list=RDsbgpF7gb9ds&start_radio=1,Mix¬†‚Äì Paint it Black (Wednesday Addams / Westworld) ‚Äì Cello Cover
https://www.youtube.com/watch?v=jjO33twJWho,Fusion 360 | Modeling a 3D Pocket Box | 3D Printing
https://www.youtube.com/watch?v=HDKUEXBF3B4,Ruby on Rails: The Documentary
https://www.youtube.com/watch?v=SLJTwFQE10A,Climb Smart: Boulder Training Efficiency ‚ö° | Tips & Tricks by Adam Ondra
https://www.youtube.com/watch?v=b0mP_KeBAsw,WANPTEK APS1602H 0-160V Power Supply Review/Teardown
https://www.youtube.com/watch?v=Jyj6_k_kJ-M,RAW SENDS: Babsi on the Fourth Ascent of Meltdown (5.14c)
https://www.youtube.com/watch?v=KyYsVeYzbik,The Hacktivist, Award Winning Short Film Documentary
https://www.youtube.com/watch?v=NFuZzCz-lk8,LEGO Lollipop Launcher - Halloween Robot 7
https://www.youtube.com/watch?v=2oYYYVu4Akk,The effect of gate turn-on resistor on EM emission: An intuitive explanation
https://www.youtube.com/watch?v=uBosDMX4Uw8,Women's B&L Final - Boulder | Santiago 2023 Pan American Games (Full Res)
https://www.youtube.com/watch?v=QPNBWZUjztk,Let‚Äôs Talk About The Zelda Movie
https://www.youtube.com/watch?v=hK3z49JlyNE,Special Request - The New GRRS Entry BC-348!
https://www.youtube.com/watch?v=_3EuiU1qdpE,Hania Rani - Full Performance (Live on KEXP)
https://www.youtube.com/watch?v=vSQjk9jKarg,What The Longest-Running Study on Happiness Reveals
https://www.youtube.com/watch?v=J_EehoXLbIU,Kernelless Kernel Programming (eBPF) - Computerphile
https://www.youtube.com/watch?v=5M5MF6KE-jY,EEVblog 1579 - Nuclear Diamond Battery FRAUD Lawsuit by SEC!
https://www.youtube.com/watch?v=g5E6TzmVTfU,10.000 ROBUX BATTLE gegen Standart Skill in Roblox!
https://www.youtube.com/watch?v=F1BWqE1Ne_0,[MTB-Film] RADIKAL ‚Äì Reise an die physikalischen Grenzen des Mountainbikens
https://www.youtube.com/watch?v=nldO6LNBymo,Austrian Economics | Backstage w/ Tuur Demeester
https://www.youtube.com/watch?v=aC8SzsOmJgY,The Dawn Wall 2017 | ŒïŒªŒªŒ∑ŒΩŒπŒ∫ŒøŒØ Œ•œÄœåœÑŒπœÑŒªŒøŒπ | Full HD 1080p
https://www.youtube.com/watch?v=QarizoUnRfk,The Best way to Solder? Hot Plate to the rescue! (DIY or Buy)
https://www.youtube.com/watch?v=YXiRbRacTF0,Research x Product
https://www.youtube.com/watch?v=C_0l6lvG-Zc,The Man Who Taught Yoga To The World | Documentary | Tirumalai Krishnamacharya | The Indian Mystics
https://www.youtube.com/watch?v=no1ktlsukWw,ich BAUE eine GOLEM FABRIK in MINECRAFT!
https://www.youtube.com/watch?v=h1E69_OuChQ,How to rappel with NOT enough rope
https://www.youtube.com/watch?v=1vF6puwX3bE,WebComponents Will Outlive Your JavaScript Framework | Prime Reacts
https://www.youtube.com/watch?v=qWCVRtCjfPM,Master of Fire 2023  | FINALS üî•
https://www.youtube.com/watch?v=yXiE07fj6_U,Inside Prometheus - Official Trailer (Speakeasy Productions)
https://www.youtube.com/watch?v=6a1fLEToyvU,25 Math explainers you may enjoy | SoME3 results
https://www.youtube.com/watch?v=TfO9MVLYlrE,Arc'teryx Presents: Not Alone
https://www.youtube.com/watch?v=5afhsoWiTl4,Women's Boulder & Lead final || Jakarta 2023
https://www.youtube.com/watch?v=xdBGl9ACBi4,Native American Traditional Cree Music
https://www.youtube.com/watch?v=wXV7WlYwoVo,Black Diamond Presents: HARD SENDS with Seb Bouin‚ÄîACL (9b/5.15b)
https://www.youtube.com/watch?v=O0DxiILi1pc,Basics of DESAT over-current protection
https://www.youtube.com/watch?v=CikzYN0z4zU,Without a partner: Pete Whittaker rope solos El Capitan in under 24 hours
https://www.youtube.com/watch?v=qbKGw8MQ0i8,"NTFS really isn't that bad" - Robert Collins (LCA 2020)
https://www.youtube.com/watch?v=OlV-uPWb7yQ,Hardest Route in Croatia - B je to! 9b | Commented Climb by Adam Ondra
https://www.youtube.com/watch?v=ipRvjS7q1DI&t=333s,Richard Feynman: Can Machines Think?
https://www.youtube.com/watch?v=XezKZWPmTzU,No more pain in padmasana | how to do padmasana | lotus pose step by step step | correction of asana
https://www.youtube.com/watch?v=l_Hd1axZc2c,ALPHASTEIN klaut meine DIAMANTEN in Minecraft! (YouTuber Insel)
https://www.youtube.com/watch?v=NXjJJ1Iw5JA,Buddha's Vision | 7:30pm NZST, 15 Nov | Christchurch, New Zealand
https://www.youtube.com/watch?v=DbsAQSIKQXk,Hack your brain with Obsidian.md
https://www.youtube.com/watch?v=L_9JiYrr32k,How I Became an Olympian in 3 Days
https://www.youtube.com/watch?v=56_ZOOAaCOk,Chrigel Maurer: Gleitschirm XC-Flug zum Matterhorn mit Sepp Inniger [DE-SUB]
https://www.youtube.com/watch?v=T-8NrvVqbT4,The French Scrabble Champion who doesn't speak French
https://www.youtube.com/watch?v=4ef0juAMqoE,Brian Chesky‚Äôs new playbook
https://www.youtube.com/watch?v=AfFQKjloowA,Star Wars Speeder Pursuit - LEGO Kinetic Sculpture
https://www.youtube.com/watch?v=HmrZXS_6d2A,Attempting one of America's Hardest Crack Climbs
https://www.youtube.com/watch?v=vcFBwt1nu2U,The Worst Programming Language Ever - Mark Rendle - NDC Oslo 2021
https://www.youtube.com/watch?v=BRudidBcfXk,The secrets of Einstein's unknown equation ‚Äì with Sean Carroll
https://www.youtube.com/watch?v=bfvkdiu2zI0,Janja Garnbret Climbs 6 Boulders At boulder+ Singapore Again
https://www.youtube.com/watch?v=aBG-8bFgopw,Chris Sharma's Sleeping Lion Project - Raw Attempts
https://www.youtube.com/watch?v=Qmx53mdiQ6k,Connecting Yourself to the Universe | Eckhart Tolle Explains
https://www.youtube.com/watch?v=5BiC-ypXGLU,humiliated by the best boulderer in the world   //  Shawn Raboutou
https://www.youtube.com/watch?v=LiB2udSo3AA,eBPF: Unlocking the Kernel [OFFICIAL DOCUMENTARY TRAILER]
https://www.youtube.com/watch?v=Sn10AWGF6OU,Huge Youtubers Are Quitting
https://www.youtube.com/watch?v=GcteUfd2qAA,The Only exercise you actually need to get MUSCLE UP
https://www.youtube.com/watch?v=4btW5x_clpg,Meet netboot.xyz - Network Boot Any Operating System
https://www.youtube.com/watch?v=_oiYaLZU1uk,Alan Watts - The Mystery of Sleep -  Black Screen
https://www.youtube.com/watch?v=f-mWmhh7i0U,The Best Battery Enclosure looks like this?! (Self-Heating)
https://www.youtube.com/watch?v=HlNSvrYygRc,HUGE blow for alternate theory of gravity MOND
https://www.youtube.com/watch?v=urcL86UpqZc,Interview with an Emacs Enthusiast in 2023 [Colorized]
https://www.youtube.com/watch?v=Sq4yWAbZi9c,Is This Ruining Rock Climbing?
https://www.youtube.com/watch?v=BE77h7dmoQU,Kubernetes: The Documentary [PART 1]
https://www.youtube.com/watch?v=Od4e51LmIwk,DAS IST EIN HAMMER | Nachbau einer 50.000‚Ç¨ Endstufe | #ChinaClone #dartzeel
https://www.youtube.com/watch?v=zkQ0vEYry20,Slavoj ≈Ωi≈æek on Israel Palestine
https://www.youtube.com/watch?v=-JvyJFQA4yM,LK Nh·∫°c V√†ng X∆∞a C·ª±c √äM TAI D·ªÑ NG·ª¶ ‚û§ Ca Nh·∫°c X∆∞a Hay Nh·∫•t M·ªçi Th·ªùi ƒê·∫°i ƒê·∫£m B·∫£o B·∫°n S·∫Ω Kh√¥ng H·ªëi H·∫≠n
https://www.youtube.com/watch?v=xXKgdev9ODM,24 STUNDEN im SCHNEESTURM in Roblox!
https://www.youtube.com/watch?v=7X7o9nPa9vk,The Academy for Expiring Scientist - LEGO Model Tour
https://www.youtube.com/watch?v=DndJZ0tb60s,Mastering Meditation | Practical Insights from Swami Sarvapriyananda
https://www.youtube.com/watch?v=8QoR7pJFC2A,The POLAR STAR - Full FILM - Ski Mountaineering in an Arctic Land of Giants - The FIFTY 45/50
https://www.youtube.com/watch?v=NrQkdDVupQE,GitHub Universe 2023 opening keynote
https://www.youtube.com/watch?v=t8qGtEVh7oQ,The Forever Chemical Scandal | Bloomberg Investigates
https://www.youtube.com/watch?v=MRyjkI4cKHY,THEY STOLE My custom GIANT Pok√©mon Cards...
https://www.youtube.com/watch?v=wv-C-Euj7qs,FIRST FREE ASCENT Of The Red Bull 2023 Dam üëâ HUGE Dynos + BIG Exposure | Climbing Daily Ep.2041
https://www.youtube.com/watch?v=ck4WvYM9V4c,Linux Networking: How The Kernel Handles A TCP Connection
https://www.youtube.com/watch?v=r3YCGFKwBr8,Lilly Palmer x European Space Agency (ESA)
https://www.youtube.com/watch?v=01oeaBb85Xc,DEF CON 30 - Sam Bent - Tor - Darknet Opsec By a Veteran Darknet Vendor
https://www.youtube.com/watch?v=S8lH0GFLLUQ,‚ÄúWorld‚Äôs best climbers can‚Äôt do these boulders‚Äù
https://www.youtube.com/watch?v=RuLW7runeZM,"Etat de choc" en rope solo avec Seb Berthe | Relais Vertical #143
https://www.youtube.com/watch?v=8h_EZgusrP4,Boox Note Air 3C - 10.3" Color E-Ink Android 12 Tablet, One of the Most Anticipated Devices, For Me!
https://www.youtube.com/watch?v=VQ8eY15E_Do,LIVE ‚Ä¢ Building the Alpine Lodge
https://www.youtube.com/watch?v=KBgjrJankSg,LAZAR vs PEWDIEPIE in Minecraft (FINALE)
https://www.youtube.com/watch?v=9YkICApObvo,Was ist ESPHome? ESP32 & ESP8266?  - Grundlagen f√ºr Anf√§nger üí™
https://www.youtube.com/watch?v=FkKPsLxgpuY,I Took an IQ Test to Find Out What it Actually Measures
https://www.youtube.com/watch?v=7PDQNoAkR_w,Ich BAUE einen GEHEIMEN RAUM in Minecraft!
https://www.youtube.com/watch?v=u31EYdNY8uA,THE LEGEND OF ZELDA TEARS OF THE KINGDOM ‚òÅÔ∏è #54: Impa im Vergessenen Tempel
https://www.youtube.com/watch?v=7gUh8j5ui0o,The Art of Life
https://www.youtube.com/watch?v=edI3Rev9Kqc,Infinite Domino Ring Experiments
https://www.youtube.com/watch?v=6zl4yU-I8tI,The North Face Presents: Earthside‚Äã
https://www.youtube.com/watch?v=Hg0c32KbA-g,Meister Eckhart & Christian Mysticism
https://www.youtube.com/watch?v=cHpo4V5No0A,Dhaulagiri
https://www.youtube.com/watch?v=jfKfPfyJRdk,lofi hip hop radio üìö - beats to relax/study to
https://www.youtube.com/watch?v=ZolljT7eTSc,Spiritual Letters  | Full Movie 4k| The Art of Mr.Paradox Paradise
https://www.youtube.com/watch?v=fLMZAHyrpyo,How to Think Computationally About AI, the Universe and Everything | Stephen Wolfram | TED
https://www.youtube.com/watch?v=-OkwGDKoY0o,THE 2022 OPPENHEIMER LECTURE: THE QUANTUM ORIGINS OF GRAVITY
https://www.youtube.com/watch?v=q6L82zI1_D0,There's No Way to Protect Your Phone From "Zero Click" Govt SpywareüéôDarknet Diaries Ep. 100: NSO
https://www.youtube.com/watch?v=g4ahZZJVioQ,The Most POWERFUL Cycling Performance Of All Time? | GCN Racing News Show
https://www.youtube.com/watch?v=NqabT21d8VM,Something weird happens when you keep squeezing
https://www.youtube.com/watch?v=AFxMpQVhyDg,I Built a Working LEGO Driving Simulator...
https://www.youtube.com/watch?v=loCBvaj4eSg,The Hyperbolic Geometry of DMT Experiences (@Harvard Science of Psychedelics Club)
https://www.youtube.com/watch?v=8-5yuVuDFzU,What is the human potential in Climbing? // Schooled by Adam Ondra
https://www.youtube.com/watch?v=4kBoLVvoqVY,Daniel Schmachtenberger l An introduction to the Metacrisis l Stockholm Impact/Week 2023
https://www.youtube.com/watch?v=6_XHvOGWkCY,Our World Is Coming To An End | Aaron Bastani Meets Slavoj ≈Ωi≈æek | Downstream
https://www.youtube.com/watch?v=U-wJaQofW-Y,üî•IFSC Women's Final World Cup Brixen Bouldering 2023
https://www.youtube.com/watch?v=9aVhDLLMcuE,10 Amazing LEGO Mechanical Motion Scenes!
https://www.youtube.com/watch?v=qx3x5MMqGUg,Complete Guide into Belay Devices - Differences and Efficient Usage | Ep.6
https://www.youtube.com/watch?v=45h6iqtorZQ,A 5 Minute Introduction to eBPF
https://www.youtube.com/watch?v=r4KGm7ixcqI,How I optimized Portal to run on the Nintendo 64
https://www.youtube.com/watch?v=FAv5RWFWnTI,my girlfriend dies.. the video ends
https://www.youtube.com/watch?v=i4lu9AxRtqA,New Data Spell Trouble for Dark Matter's Biggest Competitor
https://www.youtube.com/watch?v=JN3KPFbWCy8,Elon Musk: War, AI, Aliens, Politics, Physics, Video Games, and Humanity | Lex Fridman Podcast #400
https://www.youtube.com/watch?v=GrWhX1BixBk,THE YOGIS OF TIBET - Rare Documentary Film
https://www.youtube.com/watch?v=lSDW99IxA_o,Reacting to FORTNITE SEASON 2 Battle Pass (Chapter 2)
https://www.youtube.com/watch?v=GQslMfp3Xkw,Maxwell's equations explained logically! (Ep: 1 - Power of Gauss's Law)
https://www.youtube.com/watch?v=_Zy_2krhMMs,A Car Without a Wheel Axis | Lego Technic
https://www.youtube.com/watch?v=ycTZ_t-aiuU,The ADHD Doctor: ‚ÄúI‚Äôve Scanned 250,000 Brains‚Äù You (Steven Bartlett) Have ADHD!!! Dr Daniel Amen
https://www.youtube.com/watch?v=HxyM2Chu9Vc,Nvidia's Computational Lithography Breakthrough
https://www.youtube.com/watch?v=g5HoTilgTJ4,Don't hit that ledge: preparing to lead the Skull Project
https://www.youtube.com/watch?v=fDAPJ7rvcUw,How AI Discovered a Faster Matrix Multiplication Algorithm
https://www.youtube.com/watch?v=blmG0oEKs38,Professor reacts to Primeagen Reacts to Functional Programming is not Better than OOP
https://www.youtube.com/watch?v=wCYNTt5krDM,Class D Audio Amplifier Hardware Design - Phil's Lab #125
https://www.youtube.com/watch?v=_gEStUMjzIE,Women's Boulder & Lead final || Laval 2023
https://www.youtube.com/watch?v=tTz0fA9yp9k,2023 National Bouldering Championships - Open A Finals
https://www.youtube.com/watch?v=9XhxpmTA4Zg,Women's B&L Final - Lead | Santiago 2023 Pan American Games (Full Res)
https://www.youtube.com/watch?v=LIazpJqroBo,(CONDENSED) Men's Lead Final || Koper 2023
https://www.youtube.com/watch?v=bcnsDIamHjM,Arc'teryx Presents: Wet Lycra Nightmare
https://www.youtube.com/watch?v=L4uc601eEgU,Women's Boulder & Lead semi-final || Laval 2023
https://www.youtube.com/watch?v=VT9oDv9RQYw,Adr≈°pach
https://www.youtube.com/watch?v=4aHjsSWjeVk,Climbing Knots & Techniques How to Remember Them | Ep.9
https://www.youtube.com/watch?v=YLLqzHnhBNQ,Alex Puccio applies these tips every time she climbs
https://www.youtube.com/watch?v=ThtRT8dhu8c,Hello eBPF! Goodbye Sidecars?
https://www.youtube.com/watch?v=McKcn8ej-j4,Men's Boulder & Lead final || Jakarta 2023
https://www.youtube.com/watch?v=d_8r_PHSZ88,Rab Presents: Picaflor | Chasing a 1000m Big Wall Free Climb in Chile
https://www.youtube.com/watch?v=qUcjvPjDFBQ,How I Lead Rope Solo | Gri Gri
https://www.youtube.com/watch?v=PJkCaUUhqgs,How to tie into the harness with Perfect Figure 8 knot every time
https://www.youtube.com/watch?v=IInciWyU74U,Lets Chat About Unit Tests
https://www.youtube.com/watch?v=M8-3J8ygOus,Speed finals || Jakarta 2023
https://www.youtube.com/watch?v=7ZVQSg9HX68,Is eBPF The End Of Kubernetes Sidecar Containers?
https://www.youtube.com/watch?v=EbkjUdy7DBQ,The North Face presents: Nina Williams "RIDING THE WAVE" -  CHINA BEACH 5.14B/8C
https://www.youtube.com/watch?v=efBxgEH-ZCg,Floatin V16
https://www.youtube.com/watch?v=E9Q5toY_c54,Zion Ice Climbing One of the most intense shoots I've done
https://www.youtube.com/watch?v=qXFi-G_7IuU,Introduction to BPF | LINUX Berkeley Packet Filter | CodiLime
https://www.youtube.com/watch?v=F4NzekHpsFY,Coach Analyses PRO Vs Intermediate Technique ft. Alex Puccio
https://www.youtube.com/watch?v=h_o9kFPVeiw,GitHub Universe 2023 day 2 keynote: The productivity platform for all developers
https://www.youtube.com/watch?v=mna5fg7QGz8,.NET Conf 2023 Keynote - Welcome to .NET 8
https://www.youtube.com/watch?v=KBN9MrzXu0U,How To Avoid The "Intermediate Climber" Plateau
https://www.youtube.com/watch?v=usJDUSrcwqI,The Rust Survival Guide
https://www.youtube.com/watch?v=XRpHIa-2XCE,Simple, Non-Commercial, Open Source Notes
https://www.youtube.com/watch?v=jXb-L3iqvfM,Could this save your life?
https://www.youtube.com/watch?v=luyvjVVy-OU,5 Most Common Climbing Mistakes FIXED by a Climbing Coach
https://www.youtube.com/watch?v=1LZVwHpjqGY,PARKOUR meets CLIMBING - Street World's First üá¨üáß
https://www.youtube.com/watch?v=dnfuNT1dPiM,Starting with STM32 - Programming Tutorial for Beginners | Step by Step | Greidi Ajalik
https://www.youtube.com/watch?v=_6R7Ym6Vy_I,What is generative AI and how does it work? ‚Äì The Turing Lectures with Mirella Lapata
https://www.youtube.com/watch?v=7CdVdC30oXc,It's NOT what you think
https://www.youtube.com/watch?v=s9xFZ1epi2U,Climbing's Most MISUNDERSTOOD Training Method
https://www.youtube.com/watch?v=ZT7yvXwIPzQ,Pro climber VS Indoor Free Solo Route + Fear Management Tips
https://www.youtube.com/watch?v=DzNmUNvnB04,Tmux has forever changed the way I write code.
https://www.youtube.com/watch?v=ITCEhEHM5QU,Testing if Marbles can play Tight Music
https://www.youtube.com/watch?v=s6LX9WMLyiM,Mechanical Principles demonstrated with LEGO | 7 Ways to Lift a Platform
https://www.youtube.com/watch?v=unHGj8MRq-s,Grenzen der Felskletterei   Die Nordw√§nde der Drei Zinnen
https://www.youtube.com/watch?v=64UPbzxg1bo,Hypercouloir du Brouillard Face Sud du Mont-Blanc goulotte cascade de glace alpinisme montagne
https://www.youtube.com/watch?v=AiY7riVjaB8,The Mythbusters Were Wrong!!
https://www.youtube.com/watch?v=iRtlwNsPMe0,ESCALADA | Finales Santiago 2023
https://www.youtube.com/watch?v=z1M-7Bms1Jg,Building Cloud Native apps with .NET 8 | .NET Conf 2023
https://www.youtube.com/watch?v=AgBkyz9qxnM,Pro Climbers Dominate American Ninja Warrior
https://www.youtube.com/watch?v=puOkriFPVtQ,Pwnagotchi ‚Äî hacking WiFi networks in seconds | Real Experiment
https://www.youtube.com/watch?v=h5Oxp9qujeE,BIGGEST MISTAKES Coach Louis Sees at Every Grade (V0-V9+)
https://www.youtube.com/watch?v=3T2Al3jdY38,DEF CON 31 - Weaponizing Plain Text  ANSI Escape Sequences as a Forensic Nightmare - ST√ñK
https://www.youtube.com/watch?v=azADpEp3Zq8,Boulder & Lead semi-finals || Jakarta 2023
https://www.youtube.com/watch?v=tBnJRraXDc0,The Dark Web NEEDS You!
https://www.youtube.com/watch?v=dFIqNZ8VbRY,*(char*)0 = 0; - What Does the C++ Programmer Intend With This Code? - JF Bastien - C++ on Sea 2023
https://www.youtube.com/watch?v=sh-jhdCU0B4,Well timed Mailbag to save your money Part 1
https://www.youtube.com/watch?v=rt2TIm-dRDY,TNP #40 - Stanford Research FS735 Dual Distribution Amplifier Teardown, Repair & Experiments
https://www.youtube.com/watch?v=dkpDjd2nHgo,Mystery of Entropy FINALLY Solved After 50 Years? (STEPHEN WOLFRAM)
https://www.youtube.com/watch?v=HygSeASi-JU,His 11 Month Old Website Just CRUSHED $15k/month Using AI Content...Here's How
https://www.youtube.com/watch?v=G_y6RdWBEIY,Ski Alpin Women's Slalom II Levi(FIN) 2.run Highlights 2023 | 89th Victory for Michaela Shiffrin ü•≥
https://www.youtube.com/watch?v=luL6LN5ALdo,Throw Your Hangboard in the Trash If You Don't Know This (SAVE A FRIEND)
https://www.youtube.com/watch?v=JfBLXTEFH7s,M16
https://www.youtube.com/watch?v=RCp7Y5xsCDc,Man, who's responsible for this?!
https://www.youtube.com/watch?v=_gEhAWrYNZM,They Mislead You About MOSFETs
https://www.youtube.com/watch?v=C_N8znD3exI&t=416s,Margo Hayes Makes History - First Woman To Climb Biographie, 5.15
https://www.youtube.com/watch?v=H6lyGhAANR0,The Vertical Shake
https://www.youtube.com/watch?v=C2w45qRc3aU,The Absolute Best Intro to Monads For Software Engineers
https://www.youtube.com/watch?v=861coSFLOvk,From black holes to quantum computing - with Marika Taylor
https://www.youtube.com/watch?v=Y9clBHENy4Q,Programming's Greatest Mistakes ‚Ä¢ Mark Rendle ‚Ä¢ GOTO 2023
https://www.youtube.com/watch?v=ahM_2kzcGLQ,Arto Saari: Finland‚Äôs Skating Phenom | Epicly Later'd
https://www.youtube.com/watch?v=WrQ_M4SBgjs,the slow, painful death of TV
https://www.youtube.com/watch?v=LcwWN6jcdu8,It's Almost Here...
https://www.youtube.com/watch?v=Mqzx7bflG6M,Dave Graham - Celestite 8C+ - First Ascent
https://www.youtube.com/watch?v=y0PqpwTcyjI,MeatEater Season 12 | Bahamas Spearfishing
https://www.youtube.com/watch?v=1Ff_NcZhBSo,Designing Your First Functional 3D Printed Parts | Basic Fusion 360 3D Printing
https://www.youtube.com/watch?v=lDzFYlLHBz4,Mojang Is About To RUIN Copper Bulbs (And Crafters)
https://www.youtube.com/watch?v=RJIu5KFGn2c,Make Lego Water Pumps Automating for Fountain, Swimming pool
https://www.youtube.com/watch?v=TuPO-eAMy4I,Windows & macOS can't do this, but Linux can!
https://www.youtube.com/watch?v=ftpH4-xFGQI,The World's Smartest Intensity Technique For Muscle Growth
https://www.youtube.com/watch?v=1EEiZ315kdA,Boulder & Lead semi-finals || Jakarta 2023
https://www.youtube.com/watch?v=isrQH_Z70Cc,Hidden Masters: World Class Climbing At The European Cup In Chamb√©ry
https://www.youtube.com/watch?v=3Em5Firgxis,Pro Climber, Alex Puccio, takes on some of the hardest climbs in the gym
https://www.youtube.com/watch?v=Ejz03FFSbWE,Speed qualifications || Jakarta 2023
https://www.youtube.com/watch?v=z9TfzZTffqg,1 Climbing Rule to Never Break (& Other Tips)
https://www.youtube.com/watch?v=tmcoKGtCkfk,How I unlocked my potential as a climber
https://www.youtube.com/watch?v=6WJyze7WntA,I‚Äôm Switching to Windows - GEEKOM Mini IT13
https://www.youtube.com/watch?v=ErDuVomNd9M,SPACEX - Starship Launch of 24/7 - A Cascading Failure
https://www.youtube.com/watch?v=RnWZqfUDXp8,SimCity 2000 30 Years Later: An LGR Retrospective
https://www.youtube.com/watch?v=AiY7riVjaB8&t=2s,The Mythbusters Were Wrong!!
https://www.youtube.com/watch?v=YAcDcGCKYks,„ÄêÔº≥ÔΩçÔΩèÔΩãÔΩÖ„ÄÄÔº°ÔΩéÔΩÑ„ÄÄÔº£ÔΩàÔΩâÔΩåÔΩå„Äë ~ Chill Vibes Music Playlist [ Beats To Relax / Stress Relief ]
https://www.youtube.com/watch?v=tybKnGZRwcU&t=10s,How to Win an Interstellar War
https://www.youtube.com/watch?v=fjLIVW4mhO4,Everyone Wanted to See This Fight
https://www.youtube.com/watch?v=QqGeJ7O8MwA,1980s lo-fi chillout üìª Lofi Hip Hop Mix [ Beats To Chill / Relax ]
https://www.youtube.com/watch?v=scx68g61dp4,Kay's Cooking Made Something Horrifying
https://www.youtube.com/watch?v=0de14xkEivk&t=6s&pp=sAQB,The Dead South - Official YouTube Afterparty (Tiny Wooden Box)
https://www.youtube.com/watch?v=0de14xkEivk&t=6s&pp=sAQB,The Dead South - Official YouTube Afterparty (Tiny Wooden Box)
https://www.youtube.com/watch?v=fXG0DSJxmGc,M3 Ultra Mac Studio LEAKS - Release Date & Price!
https://www.youtube.com/watch?v=nGFswneumuA&list=RDnGFswneumuA&start_radio=1,Mix¬†‚Äì Finn sings Hey There Delilah (AI Cover)
https://www.youtube.com/watch?v=53uJid45hJ4,SteelSeries, your mic is good. Stop the false advertising.
https://www.youtube.com/watch?v=LCC2JntGSHE,Eisiger Einfall: Sebastian bringt Ed von Schleck zur√ºck
https://www.youtube.com/watch?v=Ezbam7HOMEw,Discord Cancelled Clyde! | Weekly Discord News
https://www.youtube.com/watch?v=klaJqofCsu4,The lamps you're not allowed to have.  Exploring the Dubai lamps
https://www.youtube.com/watch?v=g915VKl6jzw,Die coolste Kampagne gegen Bubatz
https://www.youtube.com/watch?v=LTEZm5AYslw&list=RDLTEZm5AYslw&start_radio=1,Mix¬†‚Äì Mother Mother - Hayloft II (Official Lyric Video)
https://www.youtube.com/watch?v=0BJ--MEmM1c,The Satisfying Downfall of iilluminaughtii
https://www.youtube.com/watch?v=mPdbzb3IP_I,KRIEG IN NAHOST: "Erdogan wird bei seinem Standpunkt bleiben, Frage ist, wie explizit er den √§u√üert"
https://www.youtube.com/watch?v=wTVJKmJAUxM,Haushaltsberatungen beendet ‚Äì Beschluss vertagt
https://www.youtube.com/watch?v=avJOUEDynFk,Israels Armee: Hamas-Tunnel in Al-Shifa Krankenhaus gefunden
https://www.youtube.com/watch?v=kHQOd1Gc7Rw,Hamas-Terror-Tunnel wird zur Todesfalle | BILD Lagezentrum Israel
https://www.youtube.com/watch?v=9TSIYIIVlBc,GdL-Warnstreik beendet | BR24
https://www.youtube.com/watch?v=qE53HDzPw1g,Kritik an Greta Thunberg: Wie eine Ikone zur Spalterin wurde  | DER SPIEGEL
https://www.youtube.com/watch?v=3YVzuQlU-Xk,Treffen in Kalifornien: USA und China n√§hern sich wieder an
https://www.youtube.com/watch?v=O0Ce_MhdkF4,Energiepreisbremsen sollen bis Ende M√§rz verl√§ngert werden | AFP
https://www.youtube.com/watch?v=wX6toomZ418,DEUTSCHLAND: "Wenn wir die Gutachten abschaffen, wird Transsexualit√§t weniger ernst genommen!"
https://www.youtube.com/watch?v=Gls2qp-LYtk,Angeh√∂rige israelischer Geiseln marschieren nach Jerusalem
https://www.youtube.com/watch?v=7UGQiKrISpQ,Die Linke: Parteitag in Augsburg
https://www.youtube.com/watch?v=uUzqhBAWUMc,Glyphosat: Was sagen deutsche Bauern zu dem Pestizid? | MDR TH√úRINGEN JOURNAL | MDR
https://www.youtube.com/watch?v=yci475Vwc10,Music that makes u more inspired to study & work üåø Study music ~ lofi / relax/ stress relief
https://www.youtube.com/watch?v=Uq2hYcIPcPY,The worst tablet I've used (DankPods After Show)
https://www.youtube.com/watch?v=C-7jGYOGvy4,INSTALL UNCENSORED TextGen Ai WebUI LOCALLY in 1 CLICK!
https://www.youtube.com/watch?v=m7hFRTm8ZyI,EBay "prellt" itsMarvin: 3000 ‚Ç¨ wegen Betrugsvorw√ºrfen einbehalten! | Anwalt Christian Solmecke
https://www.youtube.com/watch?v=gtmEcXCr7gk,The Blockbuster MP3 player.
https://www.youtube.com/watch?v=hdlvLFXvZ7Y&t=792s,Elder Scrolls: Oblivion Dark Brotherhood is an absolute masterpiece
https://www.youtube.com/watch?v=2vuMzGhc1cg,DEBUNKING STARLINK
https://www.youtube.com/watch?v=WRFmVxpiICc,Ethan Forhetz reports on 'sketch' of suspected thief
https://www.youtube.com/watch?v=qwlf1TAIL2w,Does the 14 inch M3 Max MacBook Pro have a problem??
https://www.youtube.com/watch?v=hCdI3UfQ1L4,The Computer Bug that Ruined Hundreds of Lives
https://www.youtube.com/watch?v=FdFpJFSTMVw,You're Using Your Monitor WRONG!  (Here's How to Fix It)
https://www.youtube.com/watch?v=HRane-C77HY&list=RDHRane-C77HY&start_radio=1,Mix¬†‚Äì #COLLALB - Now That's What I Call Polka Animated Collab
https://www.youtube.com/watch?v=7qhjpt4t9UY,forgive yourself.
https://www.youtube.com/watch?v=GelIjCSh2oY,YouTuber Pranks Police by Faking Death
https://www.youtube.com/watch?v=qJqqw1S8nHI,Dubai Is Everything Wrong With Society
https://www.youtube.com/watch?v=VGJLKhsLx18,How to spread hepatitis around the world without leaving your house
https://www.youtube.com/watch?v=8KKOXs0wtZw,Britain's Secret Rocket Base
https://www.youtube.com/watch?v=9t2Y5kPp7fM,Even Fancier: Paintings
https://www.youtube.com/watch?v=Om8CCYAyb-8,0071 - Lock Picking Tips Part 3: Overset Pins
https://www.youtube.com/watch?v=Hzko-cjHhTg&t=1s,The END of Sam Bankman Fried
https://www.youtube.com/watch?v=4vUISQVtMZ4,The 128 Airlines So Dangerous They‚Äôre Banned in the EU
https://www.youtube.com/watch?v=Z24PQwtnFaE,I Voted
https://www.youtube.com/watch?v=tR1GQxBFNZE,HBO's Velma is dumpster fire of a joke
https://www.youtube.com/watch?v=2mkOUrmsUmA,Playlist | Í≤®Ïö∏ÏùÑ Îã¥ÏùÄ, Ïû¨Ï¶à
https://www.youtube.com/watch?v=w7pdvGs6QII,Cats Shouldn't Love Tuna (But They Do)
https://www.youtube.com/watch?v=T4VWgcJW1tU&t=9s,Apple Keeps Losing And We Keep Winning...
https://www.youtube.com/watch?v=RarABNF8tl0,This video is too good for YouTube.
https://www.youtube.com/watch?v=7I_jyKAQovM,Spanish(ish) Omelette - Collab With Africa Everyday
https://www.youtube.com/watch?v=dv7ox-iDM0Y,Relaxing Jazz Music for Stress Relief ‚òï Cozy Coffee Shop Ambience & Smooth Jazz Instrumental Music
https://www.youtube.com/watch?v=bq6N7w7IMqM,Mobile Gaming is the Definition of Wasted Potential
https://www.youtube.com/watch?v=cSV7mQnniRU,Things That America Invented (But Other Countries Do Better) ‚Äì¬†SOME MORE NEWS
https://www.youtube.com/watch?v=z_mzL3l897c,The Ebay Auction Ruined By 4Chan - Story of The Botched Beyblade Sale
https://www.youtube.com/watch?v=toPUepMEZGs,The Smallest Satellite In Space
https://www.youtube.com/watch?v=Hod69Y1aVlY,The EU Will Break Apple.
https://www.youtube.com/watch?v=z-1bGveIQZc,Let's Speedrun The Closing Shift | ÈñâÂ∫ó‰∫ã‰ª∂
https://www.youtube.com/watch?v=UhEna5TMPGU,Orbital Disassembly 2023 - Part 3 Overdue Diligence
https://www.youtube.com/watch?v=81YQbAsJjZA,The Weirdest Language Of All Time Is FINALLY Being Deciphered
https://www.youtube.com/watch?v=iH626CXyNtE,But I'm Reviewing Skiff and Proton Mail
https://www.youtube.com/watch?v=4xDzrJKXOOY,synthwave radio üåå - beats to chill/game to
https://www.youtube.com/watch?v=0XrBvpW0q-s,Evolution of RAIN LOGIC in GTA Games (2001-2022)
https://www.youtube.com/watch?v=xc9aT5J2A28,This Must Be Really Embarrassing (Jay Anderson -Tech Support Scammer) [Full 10hrs]
https://www.youtube.com/watch?v=6f3fp9gIqxw,A Detective Realizes Dave Is Really Innocent
https://www.youtube.com/watch?v=J-M98KLgaUU,Drone Delivery Was Supposed to be the Future. What Went Wrong?
https://www.youtube.com/watch?v=cUbglrIdyjg,Pay-To-Win Minecraft Servers are officially APPROVED by Mojang
https://www.youtube.com/watch?v=WY7olqQF8iM,Gaming On a ¬Ω" CRT TV [LGR Oddware]
https://www.youtube.com/watch?v=l9DCxsz8iT8,Work & cat  üíª Listen to it to escape from a hard day üêæ Relax/study/work [ Lofi Hip Hop ]
https://www.youtube.com/watch?v=aqcPe5mspA4,Ausreden beim Arzt, die "ETWAS" zu Weit gingen
https://www.youtube.com/watch?v=WjMTitvc82E,Of Rockets, Shuttles and Planes
https://www.youtube.com/watch?v=_vIRVsJO21A,Reacting to Apple's Shot on iPhone Event!
https://www.youtube.com/watch?v=RL0Fai06OhU,Wir versalzen unser Essen.- Aber anders als du denkst
https://www.youtube.com/watch?v=10A5qpmC6pE,Illiterate Discord Scammers Reported Me...
https://www.youtube.com/watch?v=frBNnNWEbyk,HDR is a Hot Mess
https://www.youtube.com/watch?v=8s3bdVxuFBs,What if you could trade a paperclip for a house? | Kyle MacDonald | TEDxVienna
https://www.youtube.com/watch?v=BO4cKQ8DxYU&list=RDBO4cKQ8DxYU&start_radio=1,Mix¬†‚Äì Where is My Mind - Frank Sinatra AI cover
https://www.youtube.com/watch?v=E8fRPHbzLFg,The Most Pathetic Apology Video on YouTube
https://www.youtube.com/watch?v=XajaCX88NnU,üéß TNG Bridge NIGHT SHIFT Ambience *8 HOURS* (Star Trek Sleep Sounds)
https://www.youtube.com/watch?v=aYV5ols7OI4,do you have a better idea?
https://www.youtube.com/watch?v=8R-D-xsFK7E,Apple did it!!!
https://www.youtube.com/watch?v=8Bf57zWIgaY,Eure Videos #373 - Eure Dashcamvideoeinsendungen #Dashcam
https://www.youtube.com/watch?v=n95eekfFZZg&list=RDGMEM6ijAnFTG9nX1G-kbWBUCJAVMn95eekfFZZg&start_radio=1,Mix¬†‚Äì Independent-Musik
https://www.youtube.com/watch?v=TeLBXVnVanE,My Mayor Is Promoting A Pyramid Scheme
https://www.youtube.com/watch?v=YSwk1Q9QonI&list=RDYSwk1Q9QonI&start_radio=1,Mix¬†‚Äì "Musical Main Characters" in Tears of the Kingdom
https://www.youtube.com/watch?v=aTpdDYeSHB0,One-Punch Man Breaks Physics AGAIN!
https://www.youtube.com/watch?v=krG2eWW4n5A,Did The Perfect Economy Just Get Better?
https://www.youtube.com/watch?v=9dr-tRQzij4,How Are Games Rendering Fur?
https://www.youtube.com/watch?v=k_GAJSQEuHg,Korok Forest Night üåô Rainy Ambience [10 Hours]
https://www.youtube.com/watch?v=SV1Fx7kINXQ,They Use grape jelly for Spaghetti sauce Ôøº
https://www.youtube.com/watch?v=6dgOUqXqvLo,DarkSydePhil: A Decade of Failure
https://www.youtube.com/watch?v=pmetMAk5crE,When Entitled Grandmas Realize They're Going to Jail
https://www.youtube.com/watch?v=sJsHouMJm3c,Spione in Wien
https://www.youtube.com/watch?v=pka9KaQh7DA&t=361s,Tesla bills customer $21000 for driving through the rain while they're still in warranty ü§¶
https://www.youtube.com/watch?v=hfaIelw3xzU,Goodbye to My Garden
https://www.youtube.com/watch?v=BgxlqJTBFj4,Ruining the lives of other Irish YouTubers in Terraria
https://www.youtube.com/watch?v=jRJvUGwbN3c&t=566s,Self-Powered TV: BUSTED!!!!
https://www.youtube.com/watch?v=m-MofxPhGso,How to Get REVENGE | JonTron
https://www.youtube.com/watch?v=Dfb4NCxYagc,iMessage. Android. It‚Äôs Happening.
https://www.youtube.com/watch?v=MZhivjxcF-M,Regen in ÔΩèÔΩìÔΩÅÔΩãÔΩÅ üåßÔ∏è Regen lofi -Songs, damit Sie der Realit√§t entkommen üåßÔ∏è Night Lofi Playlist
https://www.youtube.com/watch?v=bWmZEaD-xZ8,14-KERN GAMING PC Bundle f√ºr 100‚Ç¨ auf AliExpress bestellt... #GamingSchrott
https://www.youtube.com/watch?v=5NwZEqCsg9g,WooHoo Makes Bafflingly Bad Life Hacks
https://www.youtube.com/watch?v=Lie0MCxCXRg,George Santos Used Donor Funds For Botox & OnlyFans | Our Do-Nothing Congress | Does Biden Trust Xi?
https://www.youtube.com/watch?v=LGvCgiqv8hc,Could Japan‚Äôs navy stand up to China‚Äôs? Analysis of the current Japanese Navy
https://www.youtube.com/watch?v=GByM4P5IM2M&list=RDGMEMYH9CUrFO7CfLJpaD7UR85wVMGByM4P5IM2M&start_radio=1,Mix¬†‚Äì Elektronische Musik
https://www.youtube.com/watch?v=58MOlHrQDWw,Orbital Disassembly 2023 - Part 2 Strategic Partners
https://www.youtube.com/watch?v=dk8Rqv3OKgY,90's Lofi Chill üåÉ Lofi Hip Hop Beats to Chill at Night  2 AM [ Beats To Relax  Chill  Study ]
https://www.youtube.com/watch?v=_DsV3R0NSIo,The Worst TikTok Trend of 2022
https://www.youtube.com/watch?v=n61ULEU7CO0,Best of lofi hip hop 2021 ‚ú® [beats to relax/study to]
https://www.youtube.com/watch?v=JExv5z0F_38,The Nerf Digital Camera.
https://www.youtube.com/watch?v=CbC0sYF2w2U,DEBUNKING MUSK - TED Talk 2022 Pt 4/4
https://www.youtube.com/watch?v=Cl3OVsp5pvc,Raining in Osaka üåßÔ∏è Rainy Lofi Hip Hop [ Beats To Chill / Relax ]
https://www.youtube.com/watch?v=8u1njcVdLJk&t=9003s,Full Moon üåï Lofi Playlist 2023 ~ lofi beats to chill / relax to
https://www.youtube.com/watch?v=PJ9a5pH2gZw,The Most DISGUSTING Animation Channel on YouTube..
https://www.youtube.com/watch?v=snZb3SVu-Lg,M2 MacBook Air vs M3 MacBook Pro - Ultimate Comparison!
https://www.youtube.com/watch?v=s-MQrp2P2GI,STARSHIP IN SITU ON MARS Part 3 & 'ANGRY' RESPONSE
https://www.youtube.com/watch?v=YO6sEcc_C5w,Friedlicher Regentag Lofi üåß beruhigen Sie Ihre Angst [chillige LoFi Hip Hop Beats]
https://www.youtube.com/watch?v=5wIVyEoOhOc,Dhar Mann's DUMBEST Video Yet...
https://www.youtube.com/watch?v=3C_KO2Fmqes,Lofi cat ‚Ä¢ lofi ambient music | chill beats to relax/study to
https://www.youtube.com/watch?v=XPYWyqy1hng,DEBUNKING SOLAR MEGAPROJECT
https://www.youtube.com/watch?v=N-vLYY9dsIk,Night City Lofi üåô Lofi Hip Hop Radio üåÉ Lofi Deep Focus ~ Beats To Chill Night
https://www.youtube.com/watch?v=Y5yYfy_xmOM,Tommy Wiseau has a YouTube gaming show and it is wild
https://www.youtube.com/watch?v=CZd8rQwgmhg,YouTube Kid's Channels are Insane
https://www.youtube.com/watch?v=7A2YmgCOImc,Ôº¶ÔºØÔº≤„ÄÄÔº£Ôº°Ôº¨Ôº≠„ÄÄÔºÆÔº©ÔºßÔº®Ôº¥Ôº≥
https://www.youtube.com/watch?v=lue35X4DFeQ,ORBITAL DISASSEMBLY Pt1 - The Presentation
https://www.youtube.com/watch?v=ComZCwO5ZFk,How Children Become Addicts
https://www.youtube.com/watch?v=4WJjOiYWrO8,The Dark Science of Ricin
https://www.youtube.com/watch?v=wTvTmYcPB7o,The Worst Video on YouTube
https://www.youtube.com/watch?v=oiWZYdr9Zvo,Steel wool in a microwave
https://www.youtube.com/watch?v=Wum8_8sWdeU,STARSHIP INSITU REFILLING ON MARS - Part 1 of 2
https://www.youtube.com/watch?v=EJew8Mvgau0,That 2 A.M. Fresh Air
https://www.youtube.com/watch?v=g8GASxnz9V0&t=290s,Biggest Waste of Money Ever
https://www.youtube.com/watch?v=ukhj7yVhels,Karen Steals PS5 From a Child
https://www.youtube.com/watch?v=HxyM2Chu9Vc,Nvidia's Computational Lithography Breakthrough
https://www.youtube.com/watch?v=ZqcbftJuf3E,Debunking the Joe McBride and Fresh & Fit Podcast RELOADED
https://www.youtube.com/watch?v=ugtS9GrCO8I&t=84s,I didn't want this game but now I'm addicted
https://www.youtube.com/watch?v=xuNPGH3YtNo,Casually Explained: Human Beings
https://www.youtube.com/watch?v=S815CEDawOw&list=RDGMEMJQXQAmqrnmK1SEjY_rKBGAVMS815CEDawOw&start_radio=1,Mix¬†‚Äì Rockmusik
https://www.youtube.com/watch?v=jYSJBGVlgCE&t=24s,New Hunger Games is Bad
https://www.youtube.com/watch?v=N8gyauJ3gxU,DEBUNKING MUSK - TED Talk 2022 Finale
https://www.youtube.com/watch?v=RrfRRTyS8lI,Hiding from Rain and Thunderstorm in Cave Fireplace Sounds for 48 hours,Sleep, Study, Relax
https://www.youtube.com/watch?v=i-DJquV-T98,Serenity üçÄ Lofi Keep You Safe üå¥ Lofi Hip Hop Radio - Deep Focus [ Calm - Relax - Study ]
https://www.youtube.com/watch?v=Esju25k_KIk,The Most Awkward Drive-Thru Interaction
https://www.youtube.com/watch?v=VhAuzxqP1EQ,Stress Relief with Jazz Relaxing Music ‚òï Cozy Coffee Shop Ambience ~ Smooth Jazz Instrumental Music
https://www.youtube.com/watch?v=UUQHUJ7NC90,ORBITAL DISASSEMBLY Pt2 - Question Period
https://www.youtube.com/watch?v=JdvFSQFZfK8,10 Speedrunners Who Were Caught Cheating
https://www.youtube.com/watch?v=WRABoZar31g,Nostalgia drive - 80's Synthwave music - Synthpop chillwave ~ Cyberpunk electro arcade mix
https://www.youtube.com/watch?v=gZnHvQoi3f4,I Bought A NASTY $30 Retina Macbook... From eBay!
https://www.youtube.com/watch?v=B6auN-GIUeM,The one thing you need to finish your game
https://www.youtube.com/watch?v=GhBKjdb3Qss&list=RDGhBKjdb3Qss&start_radio=1,Mix¬†‚Äì Put On Your Sunday Clothes
https://www.youtube.com/watch?v=ga7hGR_74DQ&list=RDga7hGR_74DQ&start_radio=1,Mix¬†‚Äì Parov Stelar - Booty Swing (Official Audio)
https://www.youtube.com/watch?v=QItBdql_8FI,The Completionist's Charity Has Been Lying To You For Years...
https://www.youtube.com/watch?v=SqgOVNKDHss,M3 Max blew my mind.
https://www.youtube.com/watch?v=dAy1Al-qx7M,Marvels
https://www.youtube.com/watch?v=y2LE_cKyjvw&list=RDy2LE_cKyjvw&start_radio=1,Mix¬†‚Äì Little Pistol - Mother Mother
https://www.youtube.com/watch?v=A3ytTKZf344&list=RDA3ytTKZf344&start_radio=1,Mix¬†‚Äì Reggae Hai -Key of Awesome 89 (Animiert)
https://www.youtube.com/watch?v=E9IJ7nOAZyM,14" vs 16" M3 Max MacBook Pro - Apple's Secret REVEALED!
https://www.youtube.com/watch?v=1kdK0YjMryQ,Using 1 Item to Completely Break This Entire Game - Sunkenland
https://www.youtube.com/watch?v=ImlQ2adM-jA,SKYRIM WITH 1000 MODS IS INSANE -  Perfectly Balanced Hardcore Skyrim Challenge #live
https://www.youtube.com/watch?v=2as2Ptjf44E,Is Humane's AI Pin the Future or a Flop?
https://www.youtube.com/watch?v=azPd9cGaVis,I want to be a Lighthouse Keeper (Drawing in my Sketchbook)
https://www.youtube.com/watch?v=Yps6NnS2sdI,Hades speedruns are incredibly difficult
https://www.youtube.com/watch?v=Ew3XhYt3Y24,Fact Checking The Internet Takeover Law...
https://www.youtube.com/watch?v=5VT9WAxh0iI&t=1200s,ASAPScience: BUSTED!!
https://www.youtube.com/watch?v=_XIVjfRix_8&t=57s,STARSHIP UPDATE 2022 - Presentation Breakdown
https://www.youtube.com/watch?v=C5QijMRa5Lk,U.S. Crypto FUD Hearingüö®Congress vs. Chainalysis & MetaMasküî•
https://www.youtube.com/watch?v=b5FN-OUTe4o&list=RDb5FN-OUTe4o&start_radio=1,Mix¬†‚Äì Verbatim
https://www.youtube.com/watch?v=2bFGLJSxg88&list=RDMM2bFGLJSxg88&start_radio=1,Mein Mix
https://www.youtube.com/watch?v=zHACgmQkw3Q,GUESS THE ELO IS BACK!!!!!!!!!!!!
https://www.youtube.com/watch?v=uEBISpDWCaI,Geheimtipps aus dem t√ºrkischen Supermarkt (& Einkaufsguide)
https://www.youtube.com/watch?v=AZXIrlyjBDw&t=70s,Life of Luxury Is Quitting YouTube
https://www.youtube.com/watch?v=QNNhUUNHiBM&t=581s,Why the Titan sub failed
https://www.youtube.com/watch?v=iRal4bhl82g&list=RDGMEMQ1dJ7wXfLlqCjwV0xfSNbAVMiRal4bhl82g&start_radio=1,Mix¬†‚Äì Popmusik
https://www.youtube.com/watch?v=vpGOehjglXA,How Kingdoms of Ereloth Turned into a Kickstarter Nightmare - Scam game causes drama
https://www.youtube.com/watch?v=akQgqLPmIxA,TATE SPEECH - Matrix of Lies Part 2
https://www.youtube.com/watch?v=FYOjj9jSCa4&t=147s,The Worst TikToks Ever Posted
https://www.youtube.com/watch?v=FPhyY5VZo0E&t=620s,We STOPPED global warming once (by accident)... can we do it again?
https://www.youtube.com/watch?v=OzYxBrgtUSo,People Order a Dream Home, I Build Their Nightmare - Hometopia
https://www.youtube.com/watch?v=o4GZUCwVRLs&t=691s,Piracy is COMPLETELY justified: Louis tries NetFlix & remembers why
https://www.youtube.com/watch?v=0PK9RzSl9O0,"Apple's 8GB RAM on M3 MacBook Pro is Analogous to 16GB on PCs"
https://www.youtube.com/watch?v=9HnwGh-phfA&t=43s,The Worst TikToker on the Planet
https://www.youtube.com/watch?v=grefAhSvcvc&t=1288s,Musks Twitter MEGA-FAIL!!!
https://www.youtube.com/watch?v=PfXwnmwy4jg&t=382s,YouTuber Smashes TV's in Walmart for a Video
https://www.youtube.com/watch?v=nYFY9Uc1TyE,Harry Spotter and the Order of the Lift
https://www.youtube.com/watch?v=ODTrc9N4cCU,When Entitled Thieves Realize They've Been Arrested
https://www.youtube.com/watch?v=giLi-zBq5VI,$1,892,628,+ Taken, 10 Years Developed, Totally DIFFERENT Game Delivered
https://www.youtube.com/watch?v=rSpxn0oEtqI&t=145s,Apple Vision Pro SUCKS
https://www.youtube.com/watch?v=HvbEtuvQWmg,Eure Gelder bei der Arbeit-M√§delsabende
https://www.youtube.com/watch?v=2svWTW5BIu0,tagesschau 20:00 Uhr, 16.11.2023
https://www.youtube.com/watch?v=qhON52gz6Bk,Ukraine's river crossing can change the war
https://www.youtube.com/watch?v=CKti7QixnJI&list=RDCKti7QixnJI&start_radio=1,Mix¬†‚Äì Talking Heads - Psycho Killer
https://www.youtube.com/watch?v=zWvHXQqJirY&list=RDzWvHXQqJirY&start_radio=1,Mix¬†‚Äì Ain't No Rest for the Wicked
https://www.youtube.com/watch?v=P9eb-mNg0qc,Inside Star Citizen: Gatac's Back
https://www.youtube.com/watch?v=iUgZ2rL-DmU,Mario virus
https://www.youtube.com/watch?v=M_2Sh700w_E,YouTube is Sorry for Banning AdBlock
https://www.youtube.com/watch?v=eKm5-jUTRMM,Apple Explains Why MacBook Pro Only Has 8GB RAM
https://www.youtube.com/watch?v=rlsr9RB3IAE&t=259s,don‚Äôt get the new Apple Pencil.
https://www.youtube.com/watch?v=t0l--sh3eWI,√áok G√ºzel Hareketler 2 - 154. B√∂l√ºm
https://www.youtube.com/watch?v=HAEwAH8oJ5I,Das r√§tselhafte Verschwinden von Till Ramming‚Ä¶ Wo ist er?!
https://www.youtube.com/watch?v=NJuSStkIZBg,Rainy Jazz Cafe - Langsame Jazzmusik im Caf√©-Ambiente zum Arbeiten, Lernen und Entspannen
https://www.youtube.com/watch?v=bpZ0k8R3qik&t=764s,What Went Wrong? - Cube World
https://www.youtube.com/watch?v=Fk-yod3tvNU,Airplanes CANNOT Fly (Barnabas Nagy)
https://www.youtube.com/watch?v=RZVlQHumOYA,Chill Japanese Lofi Rain üå∏ Lofi Hip Hop Radio [ Beats To Chill / Relax ]
https://www.youtube.com/watch?v=q1pBwQl6zZ0,90's Lofi City üåÉ Rainy Lofi Hip Hop [ Chill Beats To Relax / Study To ]
https://www.youtube.com/watch?v=2QtXd707KI8,Chill gem√ºtlicher Regen Lofi üåß beruhigen Sie Ihre √Ñngste  [chillige Lo-Fi-Hip-Hop-Beats]
https://www.youtube.com/watch?v=d-b8gHsWEJo,Game Center - 90er Jahre Chill Lofi - [Chill Lo -Fi Hip Hop Beats]
https://www.youtube.com/watch?v=ZBrmNO92OTI,„ÄéÊ∑±Â§ú2ÊôÇ„ÄÅ„É¨„Éà„É≠„ÅßÂ§ß‰∫∫„Å™‰∏ñÁïå„Å´Ëø∑„ÅÑËæº„ÇÄ„ÄèLofi Chill Bgm
https://www.youtube.com/watch?v=uqFhchPFR5o,80's lo-fi chillout üíß Rainy Lofi Hip Hop Mix for a Chillout Session [ Beats To Relax / Chill To ]
https://www.youtube.com/watch?v=By_24PcCotw&list=RDBy_24PcCotw&start_radio=1,Mix¬†‚Äì Mother Mother - Verbatim (Official German Lyric Video)
https://www.youtube.com/watch?v=EdfPuERlWk4,Ein gem√ºtlicher, sanfter Regentag üåß beruhigen Sie Ihre √Ñngste, entspannende Musik ‚Äì Lofi Hip Hop Mix
https://www.youtube.com/watch?v=Zdfx1IE6Cco,Í≤®Ïö∏Ïóê ÏΩîÎî©ÎèÑ ÌïòÍ≥† ÏùåÏïÖÎèÑ Ï¶êÍ∏∞Í∏∞ Ï¢ãÏïÑÏöî | 3 hour lofi hiphop mix in winter / lofi coding / beats to relax
https://www.youtube.com/watch?v=1DkDrVEK2rc&t=698s,Calm Your Anxiety ~ Lofi Hip Hop Mix [Beats To Relax/ Chill to]
https://www.youtube.com/watch?v=GFJMj2vrvX0,Chill Night Lofi üåå Free Your Mind [chill lo-fi hip hop beats]
https://www.youtube.com/watch?v=BISCAz0bwjk,George Santos Full Crimes Exposed; Won't Seek Re-Election!? - News Dump
https://www.youtube.com/watch?v=mr1N9CcvKXM,Breakdown of Starship Claims from Musk's Twitter Space
https://www.youtube.com/watch?v=GDShWTVNobY&t=146s,Flat Earth orbits are hilariously INSANE
https://www.youtube.com/watch?v=wG4B1EEINOA&t=956s,When 200IQ Suspects Destroy Corrupt Cops
https://www.youtube.com/watch?v=5wcS1KP_-0c,Two Corrupt Cops Get SUSPENDED After This Stop
https://www.youtube.com/watch?v=HIAssPBSzBQ,Ben Shapiro CONFRONTED By Vaush Fan On Gender
https://www.youtube.com/watch?v=HnCF7qKmIbk,A Deep Dive into Potterheads
https://www.youtube.com/watch?v=YVBZQdg5Z_M,The Boogie2988 Rabbit Hole (ft. Mike Clum) | Some Ordinary Podcast #100
https://www.youtube.com/watch?v=NjIE2Sps3Q4,What Went Wrong? - Starforge
https://www.youtube.com/watch?v=Yzi1o-BH6QQ,You all NEED these Obsidian community plugins
https://www.youtube.com/watch?v=F6OFi2g5ZnU,How Penguinz0 Destroyed A Terrible Finance TikToker
https://www.youtube.com/watch?v=w5522uscuRM,Jujutsu Kaisen Season 2 is CANCELLED?!
https://www.youtube.com/watch?v=VEIwmwFQSw8,Zini das Wuslon - Nazis auf der Buchmesse | NEO MAGAZIN ROYALE mit Jan B√∂hmermann - ZDFneo
https://www.youtube.com/watch?v=abfpJDFKhdQ,lets talk about changes
https://www.youtube.com/watch?v=I9E6TdjbweU,Das kontroverseste Videospiel aller Zeiten
https://www.youtube.com/watch?v=cEYgcY9PlgY,Trolling on Discord Dating Servers...
https://www.youtube.com/watch?v=xl6rNyuC6GI,loneliness is a bliss (playlist)
https://www.youtube.com/watch?v=XAGCULPO_DE,I tried React and it Ruined My Life
https://www.youtube.com/watch?v=j7ZggaUbVlI&list=RDj7ZggaUbVlI&start_radio=1,Mix¬†‚Äì Charlie Puth - Betty Boop (_Blan Kato remix)
https://www.youtube.com/watch?v=BiUlgGaFBec,The Ridiculous Rise and Fall of WeWork
https://www.youtube.com/watch?v=KXbrDheYK74,tagesschau 20:00 Uhr, 06.04.2020
https://www.youtube.com/watch?v=hP-1WYphXR0,FOOL-PROOF ESPRESSO MACHINE: Breville Barista Touch Impress Review
https://www.youtube.com/watch?v=kgGPUt7C6E8,Der Mann im Mond - Akt 3 (Songs aus der Bohne) I Julien Bam
https://www.youtube.com/watch?v=vTlKm230POM,Live Stream: The Best of Inside Edition from Caught on Camera to True Crime
https://www.youtube.com/watch?v=TrcpeU1Mub4,Our HONEST opinion about the Las Vegas Grand Prix CHAOS